timestamp,chowk_id,chowk_name,current_speed,free_flow,delay,traffic_level,confidence,road_closure,needs_cleaning,cluster_id,priority_rank
29-04-2026 07:05,101,ISBT,29,29,20,Low,1.0,No,False,2,1
29-04-2026 07:05,102,Clock_Tower,42,42,21,Low,1.0,No,False,2,1
29-04-2026 07:05,103,Dilaram_Chowk,33,33,30,Low,1.0,No,False,2,1
29-04-2026 07:05,104,Ballupur,37,37,41,Low,1.0,No,False,2,1
29-04-2026 07:05,105,Prince_Chowk,21,21,22,Low,1.0,No,False,2,1
29-04-2026 07:05,106,Balliwala,30,30,21,Low,1.0,No,False,2,1
29-04-2026 07:06,101,ISBT,29,29,0,Low,1.0,No,False,0,4
29-04-2026 07:06,102,Clock_Tower,42,42,0,Low,1.0,No,False,0,4
29-04-2026 07:06,103,Dilaram_Chowk,33,33,0,Low,1.0,No,False,0,4
29-04-2026 07:06,104,Ballupur,37,37,0,Low,1.0,No,False,0,4
29-04-2026 07:06,105,Prince_Chowk,21,21,0,Low,1.0,No,False,3,4
29-04-2026 07:06,106,Balliwala,30,30,0,Low,1.0,No,False,0,4
29-04-2026 07:07,101,ISBT,29,29,0,Low,1.0,No,False,0,4
29-04-2026 07:07,102,Clock_Tower,42,42,0,Low,1.0,No,False,0,4
29-04-2026 07:07,103,Dilaram_Chowk,33,33,0,Low,1.0,No,False,0,4
29-04-2026 07:07,104,Ballupur,37,37,0,Low,1.0,No,False,0,4
29-04-2026 07:07,105,Prince_Chowk,21,21,0,Low,1.0,No,False,3,4
29-04-2026 07:07,106,Balliwala,30,30,0,Low,1.0,No,False,0,4
29-04-2026 07:08,101,ISBT,29,29,0,Low,1.0,No,False,0,4
29-04-2026 07:08,102,Clock_Tower,42,42,0,Low,1.0,No,False,0,4
29-04-2026 07:08,103,Dilaram_Chowk,33,33,0,Low,1.0,No,False,0,4
29-04-2026 07:08,104,Ballupur,37,37,0,Low,1.0,No,False,0,4
29-04-2026 07:08,105,Prince_Chowk,21,21,0,Low,1.0,No,False,3,4
29-04-2026 07:08,106,Balliwala,30,30,0,Low,1.0,No,False,0,4
29-04-2026 07:09,101,ISBT,29,29,0,Low,1.0,No,False,0,4
29-04-2026 07:09,102,Clock_Tower,42,42,0,Low,1.0,No,False,0,4
29-04-2026 07:10,103,Dilaram_Chowk,33,33,0,Low,1.0,No,False,0,4
29-04-2026 07:10,104,Ballupur,37,37,0,Low,1.0,No,False,0,4
29-04-2026 07:10,105,Prince_Chowk,21,21,0,Low,1.0,No,False,3,4
29-04-2026 07:10,106,Balliwala,30,30,0,Low,1.0,No,False,0,4
29-04-2026 07:11,101,ISBT,29,29,0,Low,1.0,No,False,0,4
29-04-2026 07:11,102,Clock_Tower,42,42,0,Low,1.0,No,False,0,4
29-04-2026 07:11,103,Dilaram_Chowk,33,33,0,Low,1.0,No,False,0,4
29-04-2026 07:11,104,Ballupur,37,37,0,Low,1.0,No,False,0,4
29-04-2026 07:11,105,Prince_Chowk,21,21,0,Low,1.0,No,False,3,4
29-04-2026 07:11,106,Balliwala,30,30,0,Low,1.0,No,False,0,4
29-04-2026 07:12,101,ISBT,29,29,0,Low,1.0,No,False,0,4
29-04-2026 07:12,102,Clock_Tower,42,42,0,Low,1.0,No,False,0,4
29-04-2026 07:12,103,Dilaram_Chowk,33,33,0,Low,1.0,No,False,0,4
29-04-2026 07:12,104,Ballupur,37,37,0,Low,1.0,No,False,0,4
29-04-2026 07:12,105,Prince_Chowk,21,21,0,Low,1.0,No,False,3,4
29-04-2026 07:12,106,Balliwala,30,30,0,Low,1.0,No,False,0,4
29-04-2026 07:13,101,ISBT,29,29,0,Low,1.0,No,False,0,4
29-04-2026 07:13,102,Clock_Tower,42,42,0,Low,1.0,No,False,0,4
29-04-2026 07:13,103,Dilaram_Chowk,33,33,0,Low,1.0,No,False,0,4
29-04-2026 07:13,104,Ballupur,37,37,0,Low,1.0,No,False,0,4
29-04-2026 07:13,105,Prince_Chowk,21,21,0,Low,1.0,No,False,3,4
29-04-2026 07:13,106,Balliwala,30,30,0,Low,1.0,No,False,0,4
29-04-2026 07:14,101,ISBT,29,29,0,Low,1.0,No,False,0,4
29-04-2026 07:14,102,Clock_Tower,42,42,0,Low,1.0,No,False,0,4
29-04-2026 07:14,103,Dilaram_Chowk,33,33,0,Low,1.0,No,False,0,4
29-04-2026 07:14,104,Ballupur,37,37,0,Low,1.0,No,False,0,4
29-04-2026 07:14,105,Prince_Chowk,21,21,0,Low,1.0,No,False,3,4
29-04-2026 07:14,106,Balliwala,30,30,0,Low,1.0,No,False,0,4
29-04-2026 07:15,101,ISBT,29,29,0,Low,1.0,No,False,0,4
29-04-2026 07:15,102,Clock_Tower,42,42,0,Low,1.0,No,False,0,4
29-04-2026 07:15,103,Dilaram_Chowk,33,33,0,Low,1.0,No,False,0,4
29-04-2026 07:15,104,Ballupur,37,37,0,Low,1.0,No,False,0,4
29-04-2026 07:15,105,Prince_Chowk,21,21,0,Low,1.0,No,False,3,4
29-04-2026 07:15,106,Balliwala,30,30,0,Low,1.0,No,False,0,4
29-04-2026 07:16,101,ISBT,29,29,0,Low,1.0,No,False,0,4
29-04-2026 07:16,102,Clock_Tower,42,42,0,Low,1.0,No,False,0,4
29-04-2026 07:16,103,Dilaram_Chowk,33,33,0,Low,1.0,No,False,0,4
29-04-2026 07:16,104,Ballupur,37,37,0,Low,1.0,No,False,0,4
29-04-2026 07:16,105,Prince_Chowk,21,21,0,Low,1.0,No,False,3,4
29-04-2026 07:16,106,Balliwala,30,30,0,Low,1.0,No,False,0,4
29-04-2026 07:17,101,ISBT,29,29,0,Low,1.0,No,False,0,4
29-04-2026 07:17,102,Clock_Tower,42,42,0,Low,1.0,No,False,0,4
29-04-2026 07:17,103,Dilaram_Chowk,33,33,0,Low,1.0,No,False,0,4
29-04-2026 07:17,104,Ballupur,37,37,0,Low,1.0,No,False,0,4
29-04-2026 07:17,105,Prince_Chowk,21,21,0,Low,1.0,No,False,3,4
29-04-2026 07:17,106,Balliwala,30,30,0,Low,1.0,No,False,0,4
29-04-2026 07:18,101,ISBT,29,29,0,Low,1.0,No,False,0,4
29-04-2026 07:18,102,Clock_Tower,42,42,0,Low,1.0,No,False,0,4
29-04-2026 07:18,103,Dilaram_Chowk,33,33,0,Low,1.0,No,False,0,4
29-04-2026 07:18,104,Ballupur,37,37,0,Low,1.0,No,False,0,4
29-04-2026 07:18,105,Prince_Chowk,21,21,0,Low,1.0,No,False,3,4
29-04-2026 07:18,106,Balliwala,30,30,0,Low,1.0,No,False,0,4
29-04-2026 07:19,101,ISBT,29,29,0,Low,1.0,No,False,0,4
29-04-2026 07:19,102,Clock_Tower,42,42,0,Low,1.0,No,False,0,4
29-04-2026 07:19,103,Dilaram_Chowk,33,33,0,Low,1.0,No,False,0,4
29-04-2026 07:19,104,Ballupur,37,37,0,Low,1.0,No,False,0,4
29-04-2026 07:19,105,Prince_Chowk,21,21,0,Low,1.0,No,False,3,4
29-04-2026 07:19,106,Balliwala,30,30,0,Low,1.0,No,False,0,4
29-04-2026 07:20,101,ISBT,29,29,0,Low,1.0,No,False,0,4
29-04-2026 07:20,102,Clock_Tower,42,42,0,Low,1.0,No,False,0,4
29-04-2026 07:20,103,Dilaram_Chowk,33,33,0,Low,1.0,No,False,0,4
29-04-2026 07:20,104,Ballupur,37,37,0,Low,1.0,No,False,0,4
29-04-2026 07:20,105,Prince_Chowk,21,21,0,Low,1.0,No,False,3,4
29-04-2026 07:20,106,Balliwala,30,30,0,Low,1.0,No,False,0,4
29-04-2026 07:22,101,ISBT,29,29,0,Low,1.0,No,False,0,4
29-04-2026 07:22,102,Clock_Tower,42,42,0,Low,1.0,No,False,0,4
29-04-2026 07:22,103,Dilaram_Chowk,33,33,0,Low,1.0,No,False,0,4
29-04-2026 07:22,104,Ballupur,37,37,0,Low,1.0,No,False,0,4
29-04-2026 07:22,105,Prince_Chowk,21,21,0,Low,1.0,No,False,3,4
29-04-2026 07:22,106,Balliwala,30,30,0,Low,1.0,No,False,0,4
29-04-2026 07:23,101,ISBT,29,29,0,Low,1.0,No,False,0,4
29-04-2026 07:23,102,Clock_Tower,42,42,0,Low,1.0,No,False,0,4
29-04-2026 07:23,103,Dilaram_Chowk,33,33,0,Low,1.0,No,False,0,4
29-04-2026 07:23,104,Ballupur,37,37,0,Low,1.0,No,False,0,4
29-04-2026 07:23,105,Prince_Chowk,21,21,0,Low,1.0,No,False,3,4
29-04-2026 07:23,106,Balliwala,30,30,0,Low,1.0,No,False,0,4
29-04-2026 07:24,101,ISBT,29,29,0,Low,1.0,No,False,0,4
29-04-2026 07:24,102,Clock_Tower,42,42,0,Low,1.0,No,False,0,4
29-04-2026 07:24,103,Dilaram_Chowk,33,33,0,Low,1.0,No,False,0,4
29-04-2026 07:24,104,Ballupur,37,37,0,Low,1.0,No,False,0,4
29-04-2026 07:24,105,Prince_Chowk,21,21,0,Low,1.0,No,False,3,4
29-04-2026 07:24,106,Balliwala,30,30,0,Low,1.0,No,False,0,4
29-04-2026 07:25,101,ISBT,29,29,0,Low,1.0,No,False,0,4
29-04-2026 07:25,102,Clock_Tower,42,42,0,Low,1.0,No,False,0,4
29-04-2026 07:25,103,Dilaram_Chowk,33,33,0,Low,1.0,No,False,0,4
29-04-2026 07:25,104,Ballupur,37,37,0,Low,1.0,No,False,0,4
29-04-2026 07:25,105,Prince_Chowk,21,21,0,Low,1.0,No,False,3,4
29-04-2026 07:25,106,Balliwala,30,30,0,Low,1.0,No,False,0,4
29-04-2026 07:26,101,ISBT,29,29,0,Low,1.0,No,False,0,4
29-04-2026 07:26,102,Clock_Tower,42,42,0,Low,1.0,No,False,0,4
29-04-2026 07:26,103,Dilaram_Chowk,33,33,0,Low,1.0,No,False,0,4
29-04-2026 07:26,104,Ballupur,37,37,0,Low,1.0,No,False,0,4
29-04-2026 07:26,105,Prince_Chowk,21,21,0,Low,1.0,No,False,3,4
29-04-2026 07:26,106,Balliwala,30,30,0,Low,1.0,No,False,0,4
29-04-2026 07:27,101,ISBT,29,29,0,Low,1.0,No,False,0,4
29-04-2026 07:27,102,Clock_Tower,42,42,0,Low,1.0,No,False,0,4
29-04-2026 07:27,103,Dilaram_Chowk,33,33,0,Low,1.0,No,False,0,4
29-04-2026 07:27,104,Ballupur,37,37,0,Low,1.0,No,False,0,4
29-04-2026 07:27,105,Prince_Chowk,21,21,0,Low,1.0,No,False,3,4
29-04-2026 07:27,106,Balliwala,30,30,0,Low,1.0,No,False,0,4
29-04-2026 07:28,101,ISBT,29,29,0,Low,1.0,No,False,0,4
29-04-2026 07:28,102,Clock_Tower,42,42,0,Low,1.0,No,False,0,4
29-04-2026 07:28,103,Dilaram_Chowk,33,33,0,Low,1.0,No,False,0,4
29-04-2026 07:28,104,Ballupur,37,37,0,Low,1.0,No,False,0,4
29-04-2026 07:28,105,Prince_Chowk,21,21,0,Low,1.0,No,False,3,4
29-04-2026 07:28,106,Balliwala,30,30,0,Low,1.0,No,False,0,4
29-04-2026 07:29,101,ISBT,29,29,0,Low,1.0,No,False,0,3
29-04-2026 07:29,102,Clock_Tower,42,42,0,Low,1.0,No,False,0,3
29-04-2026 07:29,103,Dilaram_Chowk,33,33,0,Low,1.0,No,False,0,3
29-04-2026 07:29,104,Ballupur,37,37,0,Low,1.0,No,False,0,3
29-04-2026 07:29,105,Prince_Chowk,21,21,0,Low,1.0,No,False,3,3
29-04-2026 07:29,106,Balliwala,30,30,0,Low,1.0,No,False,0,3
29-04-2026 07:30,101,ISBT,29,29,0,Low,1.0,No,False,0,3
29-04-2026 07:30,102,Clock_Tower,42,42,0,Low,1.0,No,False,0,3
29-04-2026 07:30,103,Dilaram_Chowk,33,33,0,Low,1.0,No,False,0,3
29-04-2026 07:30,104,Ballupur,37,37,0,Low,1.0,No,False,0,3
29-04-2026 07:30,105,Prince_Chowk,21,21,0,Low,1.0,No,False,3,3
29-04-2026 07:30,106,Balliwala,30,30,0,Low,1.0,No,False,0,3
29-04-2026 07:31,101,ISBT,29,29,0,Low,1.0,No,False,0,3
29-04-2026 07:31,102,Clock_Tower,42,42,0,Low,1.0,No,False,0,3
29-04-2026 07:31,103,Dilaram_Chowk,33,33,0,Low,1.0,No,False,0,3
29-04-2026 07:31,104,Ballupur,37,37,0,Low,1.0,No,False,0,3
29-04-2026 07:31,105,Prince_Chowk,21,21,0,Low,1.0,No,False,3,3
29-04-2026 07:31,106,Balliwala,30,30,0,Low,1.0,No,False,0,3
29-04-2026 07:32,101,ISBT,29,29,0,Low,1.0,No,False,0,3
29-04-2026 07:32,102,Clock_Tower,42,42,0,Low,1.0,No,False,0,3
29-04-2026 07:32,103,Dilaram_Chowk,33,33,0,Low,1.0,No,False,0,3
29-04-2026 07:32,104,Ballupur,37,37,0,Low,1.0,No,False,0,3
29-04-2026 07:32,105,Prince_Chowk,21,21,0,Low,1.0,No,False,3,3
29-04-2026 07:32,106,Balliwala,30,30,0,Low,1.0,No,False,0,3
29-04-2026 07:34,101,ISBT,29,29,0,Low,1.0,No,False,0,3
29-04-2026 07:34,102,Clock_Tower,42,42,0,Low,1.0,No,False,0,3
29-04-2026 07:34,103,Dilaram_Chowk,33,33,0,Low,1.0,No,False,0,3
29-04-2026 07:34,104,Ballupur,37,37,0,Low,1.0,No,False,0,3
29-04-2026 07:34,105,Prince_Chowk,21,21,0,Low,1.0,No,False,3,3
29-04-2026 07:34,106,Balliwala,30,30,0,Low,1.0,No,False,0,3
29-04-2026 07:35,101,ISBT,29,29,0,Low,1.0,No,False,0,3
29-04-2026 07:35,102,Clock_Tower,42,42,0,Low,1.0,No,False,0,3
29-04-2026 07:35,103,Dilaram_Chowk,33,33,0,Low,1.0,No,False,0,3
29-04-2026 07:35,104,Ballupur,37,37,0,Low,1.0,No,False,0,3
29-04-2026 07:35,105,Prince_Chowk,21,21,0,Low,1.0,No,False,3,3
29-04-2026 07:35,106,Balliwala,30,30,0,Low,1.0,No,False,0,3
29-04-2026 07:36,101,ISBT,29,29,0,Low,1.0,No,False,0,3
29-04-2026 07:36,102,Clock_Tower,42,42,0,Low,1.0,No,False,0,3
29-04-2026 07:36,103,Dilaram_Chowk,33,33,0,Low,1.0,No,False,0,3
29-04-2026 07:36,104,Ballupur,37,37,0,Low,1.0,No,False,0,3
29-04-2026 07:36,105,Prince_Chowk,21,21,0,Low,1.0,No,False,3,3
29-04-2026 07:36,106,Balliwala,30,30,0,Low,1.0,No,False,0,3
29-04-2026 07:37,101,ISBT,29,29,0,Low,1.0,No,False,0,3
29-04-2026 07:37,102,Clock_Tower,42,42,0,Low,1.0,No,False,0,3
29-04-2026 07:37,103,Dilaram_Chowk,33,33,0,Low,1.0,No,False,0,3
29-04-2026 07:37,104,Ballupur,37,37,0,Low,1.0,No,False,0,3
29-04-2026 07:37,105,Prince_Chowk,21,21,0,Low,1.0,No,False,3,3
29-04-2026 07:37,106,Balliwala,30,30,0,Low,1.0,No,False,0,3
29-04-2026 07:38,101,ISBT,29,29,0,Low,1.0,No,False,0,3
29-04-2026 07:38,102,Clock_Tower,42,42,0,Low,1.0,No,False,0,3
29-04-2026 07:38,103,Dilaram_Chowk,33,33,0,Low,1.0,No,False,0,3
29-04-2026 07:38,104,Ballupur,37,37,0,Low,1.0,No,False,0,3
29-04-2026 07:38,105,Prince_Chowk,21,21,0,Low,1.0,No,False,3,3
29-04-2026 07:38,106,Balliwala,30,30,0,Low,1.0,No,False,0,3
29-04-2026 07:39,101,ISBT,29,29,0,Low,1.0,No,False,0,3
29-04-2026 07:39,102,Clock_Tower,42,42,0,Low,1.0,No,False,0,3
29-04-2026 07:39,103,Dilaram_Chowk,33,33,0,Low,1.0,No,False,0,3
29-04-2026 07:39,104,Ballupur,37,37,0,Low,1.0,No,False,0,3
29-04-2026 07:39,105,Prince_Chowk,21,21,0,Low,1.0,No,False,3,3
29-04-2026 07:39,106,Balliwala,30,30,0,Low,1.0,No,False,0,3
29-04-2026 07:40,101,ISBT,29,29,0,Low,1.0,No,False,0,3
29-04-2026 07:40,102,Clock_Tower,42,42,0,Low,1.0,No,False,0,3
29-04-2026 07:40,103,Dilaram_Chowk,33,33,0,Low,1.0,No,False,0,3
29-04-2026 07:40,104,Ballupur,37,37,0,Low,1.0,No,False,0,3
29-04-2026 07:40,105,Prince_Chowk,21,21,0,Low,1.0,No,False,3,3
29-04-2026 07:40,106,Balliwala,30,30,0,Low,1.0,No,False,0,3
29-04-2026 07:41,101,ISBT,29,29,0,Low,1.0,No,False,0,3
29-04-2026 07:41,102,Clock_Tower,42,42,0,Low,1.0,No,False,0,3
29-04-2026 07:41,103,Dilaram_Chowk,33,33,0,Low,1.0,No,False,0,3
29-04-2026 07:41,104,Ballupur,37,37,0,Low,1.0,No,False,0,3
29-04-2026 07:41,105,Prince_Chowk,21,21,0,Low,1.0,No,False,3,3
29-04-2026 07:41,106,Balliwala,30,30,0,Low,1.0,No,False,0,3
29-04-2026 07:42,101,ISBT,29,29,0,Low,1.0,No,False,0,3
29-04-2026 07:42,102,Clock_Tower,42,42,0,Low,1.0,No,False,0,3
29-04-2026 07:42,103,Dilaram_Chowk,33,33,0,Low,1.0,No,False,0,3
29-04-2026 07:42,104,Ballupur,37,37,0,Low,1.0,No,False,0,3
29-04-2026 07:42,105,Prince_Chowk,21,21,0,Low,1.0,No,False,3,3
29-04-2026 07:42,106,Balliwala,30,30,0,Low,1.0,No,False,0,3
29-04-2026 07:43,101,ISBT,29,29,0,Low,1.0,No,False,0,3
29-04-2026 07:44,102,Clock_Tower,42,42,0,Low,1.0,No,False,0,3
29-04-2026 07:44,103,Dilaram_Chowk,33,33,0,Low,1.0,No,False,0,3
29-04-2026 07:44,104,Ballupur,37,37,0,Low,1.0,No,False,0,3
29-04-2026 07:44,105,Prince_Chowk,21,21,0,Low,1.0,No,False,3,3
29-04-2026 07:44,106,Balliwala,30,30,0,Low,1.0,No,False,0,3
29-04-2026 07:45,101,ISBT,29,29,0,Low,1.0,No,False,0,3
29-04-2026 07:45,102,Clock_Tower,42,42,0,Low,1.0,No,False,0,3
29-04-2026 07:45,103,Dilaram_Chowk,33,33,0,Low,1.0,No,False,0,3
29-04-2026 07:45,104,Ballupur,37,37,0,Low,1.0,No,False,0,3
29-04-2026 07:45,105,Prince_Chowk,21,21,0,Low,1.0,No,False,3,3
29-04-2026 07:45,106,Balliwala,30,30,0,Low,1.0,No,False,0,3
29-04-2026 07:46,101,ISBT,29,29,0,Low,1.0,No,False,0,3
29-04-2026 07:46,102,Clock_Tower,42,42,0,Low,1.0,No,False,0,3
29-04-2026 07:46,103,Dilaram_Chowk,33,33,0,Low,1.0,No,False,0,3
29-04-2026 07:46,104,Ballupur,37,37,0,Low,1.0,No,False,0,3
29-04-2026 07:46,105,Prince_Chowk,21,21,0,Low,1.0,No,False,3,3
29-04-2026 07:46,106,Balliwala,30,30,0,Low,1.0,No,False,0,3
29-04-2026 07:47,101,ISBT,29,29,0,Low,1.0,No,False,0,3
29-04-2026 07:47,102,Clock_Tower,42,42,0,Low,1.0,No,False,0,3
29-04-2026 07:47,103,Dilaram_Chowk,33,33,0,Low,1.0,No,False,0,3
29-04-2026 07:47,104,Ballupur,37,37,0,Low,1.0,No,False,0,3
29-04-2026 07:47,105,Prince_Chowk,21,21,0,Low,1.0,No,False,3,3
29-04-2026 07:47,106,Balliwala,30,30,0,Low,1.0,No,False,0,3
29-04-2026 07:48,101,ISBT,29,29,0,Low,1.0,No,False,0,3
29-04-2026 07:48,102,Clock_Tower,42,42,0,Low,1.0,No,False,0,3
29-04-2026 07:48,103,Dilaram_Chowk,33,33,0,Low,1.0,No,False,0,3
29-04-2026 07:48,104,Ballupur,37,37,0,Low,1.0,No,False,0,3
29-04-2026 07:48,105,Prince_Chowk,21,21,0,Low,1.0,No,False,3,3
29-04-2026 07:48,106,Balliwala,30,30,0,Low,1.0,No,False,0,3
29-04-2026 07:49,101,ISBT,29,29,0,Low,1.0,No,False,0,3
29-04-2026 07:49,102,Clock_Tower,42,42,0,Low,1.0,No,False,0,3
29-04-2026 07:49,103,Dilaram_Chowk,33,33,0,Low,1.0,No,False,0,3
29-04-2026 07:49,104,Ballupur,37,37,0,Low,1.0,No,False,0,3
29-04-2026 07:49,105,Prince_Chowk,21,21,0,Low,1.0,No,False,3,3
29-04-2026 07:49,106,Balliwala,30,30,0,Low,1.0,No,False,0,3
29-04-2026 07:50,101,ISBT,29,29,0,Low,1.0,No,False,0,3
29-04-2026 07:50,102,Clock_Tower,42,42,0,Low,1.0,No,False,0,3
29-04-2026 07:50,103,Dilaram_Chowk,33,33,0,Low,1.0,No,False,0,3
29-04-2026 07:50,104,Ballupur,37,37,0,Low,1.0,No,False,0,3
29-04-2026 07:50,105,Prince_Chowk,21,21,0,Low,1.0,No,False,3,3
29-04-2026 07:50,106,Balliwala,30,30,0,Low,1.0,No,False,0,3
29-04-2026 07:51,101,ISBT,29,29,0,Low,1.0,No,False,0,3
29-04-2026 07:51,102,Clock_Tower,42,42,0,Low,1.0,No,False,0,3
29-04-2026 07:51,103,Dilaram_Chowk,33,33,0,Low,1.0,No,False,0,3
29-04-2026 07:51,104,Ballupur,37,37,0,Low,1.0,No,False,0,3
29-04-2026 07:51,105,Prince_Chowk,21,21,0,Low,1.0,No,False,3,3
29-04-2026 07:51,106,Balliwala,30,30,0,Low,1.0,No,False,0,3
29-04-2026 07:52,101,ISBT,29,29,0,Low,1.0,No,False,0,2
29-04-2026 07:52,102,Clock_Tower,42,42,0,Low,1.0,No,False,0,2
29-04-2026 07:52,103,Dilaram_Chowk,33,33,0,Low,1.0,No,False,0,2
29-04-2026 07:52,104,Ballupur,37,37,0,Low,1.0,No,False,0,2
29-04-2026 07:52,105,Prince_Chowk,21,21,0,Low,1.0,No,False,3,2
29-04-2026 07:52,106,Balliwala,30,30,0,Low,1.0,No,False,0,2
29-04-2026 07:53,101,ISBT,29,29,0,Low,1.0,No,False,0,2
29-04-2026 07:53,102,Clock_Tower,42,42,0,Low,1.0,No,False,0,2
29-04-2026 07:53,103,Dilaram_Chowk,33,33,0,Low,1.0,No,False,0,2
29-04-2026 07:53,104,Ballupur,37,37,0,Low,1.0,No,False,0,2
29-04-2026 07:53,105,Prince_Chowk,21,21,0,Low,1.0,No,False,3,2
29-04-2026 07:53,106,Balliwala,30,30,0,Low,1.0,No,False,0,2
29-04-2026 07:54,101,ISBT,29,29,0,Low,1.0,No,False,0,2
29-04-2026 07:54,102,Clock_Tower,42,42,0,Low,1.0,No,False,0,2
29-04-2026 07:54,103,Dilaram_Chowk,33,33,0,Low,1.0,No,False,0,2
29-04-2026 07:54,104,Ballupur,37,37,0,Low,1.0,No,False,0,2
29-04-2026 07:55,105,Prince_Chowk,21,21,0,Low,1.0,No,False,3,2
29-04-2026 07:55,106,Balliwala,30,30,0,Low,1.0,No,False,0,2
29-04-2026 07:56,101,ISBT,29,29,0,Low,1.0,No,False,0,2
29-04-2026 07:56,102,Clock_Tower,42,42,0,Low,1.0,No,False,0,2
29-04-2026 07:56,103,Dilaram_Chowk,33,33,0,Low,1.0,No,False,0,2
29-04-2026 07:56,104,Ballupur,37,37,0,Low,1.0,No,False,0,2
29-04-2026 07:56,105,Prince_Chowk,21,21,0,Low,1.0,No,False,3,2
29-04-2026 07:56,106,Balliwala,30,30,0,Low,1.0,No,False,0,2
29-04-2026 07:57,101,ISBT,29,29,0,Low,1.0,No,False,0,2
29-04-2026 07:57,102,Clock_Tower,42,42,0,Low,1.0,No,False,0,2
29-04-2026 07:57,103,Dilaram_Chowk,33,33,0,Low,1.0,No,False,0,2
29-04-2026 07:57,104,Ballupur,37,37,0,Low,1.0,No,False,0,2
29-04-2026 07:57,105,Prince_Chowk,21,21,0,Low,1.0,No,False,3,2
29-04-2026 07:57,106,Balliwala,30,30,0,Low,1.0,No,False,0,2
29-04-2026 07:58,101,ISBT,29,29,0,Low,1.0,No,False,0,2
29-04-2026 07:58,102,Clock_Tower,42,42,0,Low,1.0,No,False,0,2
29-04-2026 07:58,103,Dilaram_Chowk,33,33,0,Low,1.0,No,False,0,2
29-04-2026 07:58,104,Ballupur,37,37,0,Low,1.0,No,False,0,2
29-04-2026 07:58,105,Prince_Chowk,21,21,0,Low,1.0,No,False,3,2
29-04-2026 07:58,106,Balliwala,30,30,0,Low,1.0,No,False,0,2
29-04-2026 07:59,101,ISBT,29,29,0,Low,1.0,No,False,0,2
29-04-2026 07:59,102,Clock_Tower,42,42,0,Low,1.0,No,False,0,2
29-04-2026 07:59,103,Dilaram_Chowk,33,33,0,Low,1.0,No,False,0,2
29-04-2026 07:59,104,Ballupur,37,37,0,Low,1.0,No,False,0,2
29-04-2026 07:59,105,Prince_Chowk,21,21,0,Low,1.0,No,False,3,2
29-04-2026 07:59,106,Balliwala,30,30,0,Low,1.0,No,False,0,2
29-04-2026 08:00,101,ISBT,29,29,0,Low,1.0,No,False,0,2
29-04-2026 08:00,102,Clock_Tower,42,42,0,Low,1.0,No,False,0,2
29-04-2026 08:00,103,Dilaram_Chowk,33,33,0,Low,1.0,No,False,0,2
29-04-2026 08:00,104,Ballupur,37,37,0,Low,1.0,No,False,0,2
29-04-2026 08:00,105,Prince_Chowk,21,21,0,Low,1.0,No,False,3,2
29-04-2026 08:00,106,Balliwala,30,30,0,Low,1.0,No,False,0,2
29-04-2026 08:01,101,ISBT,29,29,0,Low,1.0,No,False,0,2
29-04-2026 08:01,102,Clock_Tower,42,42,0,Low,1.0,No,False,0,2
29-04-2026 08:01,103,Dilaram_Chowk,33,33,0,Low,1.0,No,False,0,2
29-04-2026 08:01,104,Ballupur,37,37,0,Low,1.0,No,False,0,2
29-04-2026 08:01,105,Prince_Chowk,21,21,0,Low,1.0,No,False,3,2
29-04-2026 08:01,106,Balliwala,30,30,0,Low,1.0,No,False,0,2
29-04-2026 08:02,101,ISBT,29,29,0,Low,1.0,No,False,0,2
29-04-2026 08:02,102,Clock_Tower,42,42,0,Low,1.0,No,False,0,2
29-04-2026 08:02,103,Dilaram_Chowk,33,33,0,Low,1.0,No,False,0,2
29-04-2026 08:02,104,Ballupur,37,37,0,Low,1.0,No,False,0,2
29-04-2026 08:02,105,Prince_Chowk,21,21,0,Low,1.0,No,False,3,2
29-04-2026 08:02,106,Balliwala,30,30,0,Low,1.0,No,False,0,2
29-04-2026 08:03,101,ISBT,29,29,0,Low,1.0,No,False,0,2
29-04-2026 08:03,102,Clock_Tower,42,42,0,Low,1.0,No,False,0,2
29-04-2026 08:03,103,Dilaram_Chowk,33,33,0,Low,1.0,No,False,0,2
29-04-2026 08:03,104,Ballupur,37,37,0,Low,1.0,No,False,0,2
29-04-2026 08:03,105,Prince_Chowk,21,21,0,Low,1.0,No,False,3,2
29-04-2026 08:03,106,Balliwala,30,30,0,Low,1.0,No,False,0,2
29-04-2026 08:04,101,ISBT,29,29,0,Low,1.0,No,False,0,2
29-04-2026 08:04,102,Clock_Tower,42,42,0,Low,1.0,No,False,0,2
29-04-2026 08:04,103,Dilaram_Chowk,33,33,0,Low,1.0,No,False,0,2
29-04-2026 08:04,104,Ballupur,37,37,0,Low,1.0,No,False,0,2
29-04-2026 08:04,105,Prince_Chowk,21,21,0,Low,1.0,No,False,3,2
29-04-2026 08:04,106,Balliwala,24,31,0,Low,0.883751,No,False,1,2
29-04-2026 08:05,101,ISBT,29,29,0,Low,1.0,No,False,0,2
29-04-2026 08:05,102,Clock_Tower,42,42,0,Low,1.0,No,False,0,2
29-04-2026 08:05,103,Dilaram_Chowk,33,33,0,Low,1.0,No,False,0,2
29-04-2026 08:05,104,Ballupur,37,37,0,Low,1.0,No,False,0,2
29-04-2026 08:05,105,Prince_Chowk,21,21,0,Low,1.0,No,False,3,2
29-04-2026 08:05,106,Balliwala,30,30,0,Low,1.0,No,False,0,2
29-04-2026 08:06,101,ISBT,29,29,0,Low,1.0,No,False,0,2
29-04-2026 08:06,102,Clock_Tower,42,42,0,Low,1.0,No,False,0,2
29-04-2026 08:06,103,Dilaram_Chowk,33,33,0,Low,1.0,No,False,0,2
29-04-2026 08:07,104,Ballupur,37,37,0,Low,1.0,No,False,0,2
29-04-2026 08:07,105,Prince_Chowk,21,21,0,Low,1.0,No,False,3,2
29-04-2026 08:07,106,Balliwala,30,30,0,Low,1.0,No,False,0,2
29-04-2026 08:08,101,ISBT,29,29,0,Low,1.0,No,False,0,2
29-04-2026 08:08,102,Clock_Tower,42,42,0,Low,1.0,No,False,0,2
29-04-2026 08:08,103,Dilaram_Chowk,33,33,0,Low,1.0,No,False,0,2
29-04-2026 08:08,104,Ballupur,37,37,0,Low,1.0,No,False,0,2
29-04-2026 08:08,105,Prince_Chowk,21,21,0,Low,1.0,No,False,3,2
29-04-2026 08:08,106,Balliwala,30,30,0,Low,1.0,No,False,0,2
29-04-2026 08:09,101,ISBT,29,29,0,Low,1.0,No,False,0,2
29-04-2026 08:09,102,Clock_Tower,42,42,0,Low,1.0,No,False,0,2
29-04-2026 08:09,103,Dilaram_Chowk,33,33,0,Low,1.0,No,False,0,2
29-04-2026 08:09,104,Ballupur,37,37,0,Low,1.0,No,False,0,2
29-04-2026 08:09,105,Prince_Chowk,21,21,0,Low,1.0,No,False,3,2
29-04-2026 08:09,106,Balliwala,30,30,0,Low,1.0,No,False,0,2
29-04-2026 08:10,101,ISBT,29,29,0,Low,1.0,No,False,0,2
29-04-2026 08:10,102,Clock_Tower,42,42,0,Low,1.0,No,False,0,2
29-04-2026 08:10,103,Dilaram_Chowk,33,33,0,Low,1.0,No,False,0,2
29-04-2026 08:10,104,Ballupur,37,37,0,Low,1.0,No,False,0,2
29-04-2026 08:10,105,Prince_Chowk,21,21,0,Low,1.0,No,False,3,2
29-04-2026 08:10,106,Balliwala,30,30,0,Low,1.0,No,False,0,2
29-04-2026 08:11,101,ISBT,29,29,0,Low,1.0,No,False,0,2
29-04-2026 08:11,102,Clock_Tower,42,42,0,Low,1.0,No,False,0,2
29-04-2026 08:11,103,Dilaram_Chowk,33,33,0,Low,1.0,No,False,0,2
29-04-2026 08:11,104,Ballupur,37,37,0,Low,1.0,No,False,0,2
29-04-2026 08:11,105,Prince_Chowk,21,21,0,Low,1.0,No,False,3,2
29-04-2026 08:11,106,Balliwala,30,30,0,Low,1.0,No,False,0,2
29-04-2026 08:12,101,ISBT,29,29,0,Low,1.0,No,False,0,2
29-04-2026 08:12,102,Clock_Tower,42,42,0,Low,1.0,No,False,0,2
29-04-2026 08:12,103,Dilaram_Chowk,33,33,0,Low,1.0,No,False,0,2
29-04-2026 08:12,104,Ballupur,37,37,0,Low,1.0,No,False,0,2
29-04-2026 08:12,105,Prince_Chowk,21,21,0,Low,1.0,No,False,3,2
29-04-2026 08:12,106,Balliwala,30,30,0,Low,1.0,No,False,0,2
29-04-2026 08:13,101,ISBT,29,29,0,Low,1.0,No,False,0,2
29-04-2026 08:13,102,Clock_Tower,42,42,0,Low,1.0,No,False,0,2
29-04-2026 08:13,103,Dilaram_Chowk,33,33,0,Low,1.0,No,False,0,2
29-04-2026 08:13,104,Ballupur,37,37,0,Low,1.0,No,False,0,2
29-04-2026 08:13,105,Prince_Chowk,21,21,0,Low,1.0,No,False,3,2
29-04-2026 08:13,106,Balliwala,30,30,0,Low,1.0,No,False,0,2
29-04-2026 08:14,101,ISBT,29,29,0,Low,1.0,No,False,0,2
29-04-2026 08:14,102,Clock_Tower,42,42,0,Low,1.0,No,False,0,2
29-04-2026 08:14,103,Dilaram_Chowk,33,33,0,Low,1.0,No,False,0,2
29-04-2026 08:14,104,Ballupur,37,37,0,Low,1.0,No,False,0,2
29-04-2026 08:14,105,Prince_Chowk,21,21,0,Low,1.0,No,False,3,2
29-04-2026 08:14,106,Balliwala,30,30,0,Low,1.0,No,False,0,2
29-04-2026 08:15,101,ISBT,29,29,0,Low,1.0,No,False,0,1
29-04-2026 08:15,102,Clock_Tower,42,42,0,Low,1.0,No,False,0,1
29-04-2026 08:15,103,Dilaram_Chowk,33,33,0,Low,1.0,No,False,0,1
29-04-2026 08:15,104,Ballupur,37,37,0,Low,1.0,No,False,0,1
29-04-2026 08:15,105,Prince_Chowk,21,21,0,Low,1.0,No,False,3,1
29-04-2026 08:15,106,Balliwala,30,30,0,Low,1.0,No,False,0,1
29-04-2026 08:16,101,ISBT,29,29,0,Low,1.0,No,False,0,1
29-04-2026 08:16,102,Clock_Tower,42,42,0,Low,1.0,No,False,0,1
29-04-2026 08:16,103,Dilaram_Chowk,33,33,0,Low,1.0,No,False,0,1
29-04-2026 08:16,104,Ballupur,37,37,0,Low,1.0,No,False,0,1
29-04-2026 08:16,105,Prince_Chowk,21,21,0,Low,1.0,No,False,3,1
29-04-2026 08:16,106,Balliwala,30,30,0,Low,1.0,No,False,0,1
29-04-2026 08:17,101,ISBT,29,29,0,Low,1.0,No,False,0,1
29-04-2026 08:17,102,Clock_Tower,42,42,0,Low,1.0,No,False,0,1
29-04-2026 08:17,103,Dilaram_Chowk,33,33,0,Low,1.0,No,False,0,1
29-04-2026 08:17,104,Ballupur,37,37,0,Low,1.0,No,False,0,1
29-04-2026 08:17,105,Prince_Chowk,21,21,0,Low,1.0,No,False,3,1
29-04-2026 08:17,106,Balliwala,24,31,0,Low,0.943479,No,False,1,1
29-04-2026 08:18,101,ISBT,29,29,0,Low,1.0,No,False,0,1
29-04-2026 08:18,102,Clock_Tower,42,42,0,Low,1.0,No,False,0,1
29-04-2026 08:19,103,Dilaram_Chowk,33,33,0,Low,1.0,No,False,0,1
29-04-2026 08:19,104,Ballupur,37,37,0,Low,1.0,No,False,0,1
29-04-2026 08:19,105,Prince_Chowk,21,21,0,Low,1.0,No,False,3,1
29-04-2026 08:19,106,Balliwala,25,31,0,Low,0.943479,No,False,1,1
29-04-2026 08:20,101,ISBT,29,29,0,Low,1.0,No,False,0,1
29-04-2026 08:20,102,Clock_Tower,42,42,0,Low,1.0,No,False,0,1
29-04-2026 08:20,103,Dilaram_Chowk,33,33,0,Low,1.0,No,False,0,1
29-04-2026 08:20,104,Ballupur,37,37,0,Low,1.0,No,False,0,1
29-04-2026 08:20,105,Prince_Chowk,21,21,0,Low,1.0,No,False,3,1
29-04-2026 08:20,106,Balliwala,24,31,0,Low,0.948237,No,False,1,1
29-04-2026 08:21,101,ISBT,29,29,0,Low,1.0,No,False,0,1
29-04-2026 08:21,102,Clock_Tower,42,42,0,Low,1.0,No,False,0,1
29-04-2026 08:21,103,Dilaram_Chowk,33,33,0,Low,1.0,No,False,0,1
29-04-2026 08:21,104,Ballupur,37,37,0,Low,1.0,No,False,0,1
29-04-2026 08:21,105,Prince_Chowk,21,21,0,Low,1.0,No,False,3,1
29-04-2026 08:21,106,Balliwala,24,31,0,Low,0.948237,No,False,1,1
29-04-2026 08:22,101,ISBT,29,29,0,Low,1.0,No,False,0,1
29-04-2026 08:22,102,Clock_Tower,42,42,0,Low,1.0,No,False,0,1
29-04-2026 08:22,103,Dilaram_Chowk,33,33,0,Low,1.0,No,False,0,1
29-04-2026 08:22,104,Ballupur,37,37,0,Low,1.0,No,False,0,1
29-04-2026 08:22,105,Prince_Chowk,21,21,0,Low,1.0,No,False,3,1
29-04-2026 08:22,106,Balliwala,25,31,0,Low,0.948237,No,False,1,1
29-04-2026 08:23,101,ISBT,29,29,0,Low,1.0,No,False,0,1
29-04-2026 08:23,102,Clock_Tower,42,42,0,Low,1.0,No,False,0,1
29-04-2026 08:23,103,Dilaram_Chowk,33,33,0,Low,1.0,No,False,0,1
29-04-2026 08:23,104,Ballupur,37,37,0,Low,1.0,No,False,0,1
29-04-2026 08:23,105,Prince_Chowk,21,21,0,Low,1.0,No,False,3,1
29-04-2026 08:23,106,Balliwala,24,31,0,Low,0.948631,No,False,1,1
29-04-2026 08:24,101,ISBT,29,29,0,Low,1.0,No,False,0,1
29-04-2026 08:24,102,Clock_Tower,42,42,0,Low,1.0,No,False,0,1
29-04-2026 08:24,103,Dilaram_Chowk,33,33,0,Low,1.0,No,False,0,1
29-04-2026 08:24,104,Ballupur,37,37,0,Low,1.0,No,False,0,1
29-04-2026 08:24,105,Prince_Chowk,21,21,0,Low,1.0,No,False,3,1
29-04-2026 08:24,106,Balliwala,24,31,0,Low,0.94967,No,False,1,1
29-04-2026 08:25,101,ISBT,29,29,0,Low,1.0,No,False,0,1
29-04-2026 08:25,102,Clock_Tower,42,42,0,Low,1.0,No,False,0,1
29-04-2026 08:25,103,Dilaram_Chowk,33,33,0,Low,1.0,No,False,0,1
29-04-2026 08:25,104,Ballupur,37,37,0,Low,1.0,No,False,0,1
29-04-2026 08:25,105,Prince_Chowk,21,21,0,Low,1.0,No,False,3,1
29-04-2026 08:25,106,Balliwala,24,31,0,Low,0.950524,No,False,1,1
29-04-2026 08:26,101,ISBT,29,29,0,Low,1.0,No,False,0,1
29-04-2026 08:26,102,Clock_Tower,42,42,0,Low,1.0,No,False,0,1
29-04-2026 08:26,103,Dilaram_Chowk,33,33,0,Low,1.0,No,False,0,1
29-04-2026 08:26,104,Ballupur,37,37,0,Low,1.0,No,False,0,1
29-04-2026 08:26,105,Prince_Chowk,21,21,0,Low,1.0,No,False,3,1
29-04-2026 08:26,106,Balliwala,23,31,0,Low,0.942804,No,False,1,1
29-04-2026 08:27,101,ISBT,29,29,0,Low,1.0,No,False,0,1
29-04-2026 08:27,102,Clock_Tower,42,42,0,Low,1.0,No,False,0,1
29-04-2026 08:27,103,Dilaram_Chowk,33,33,0,Low,1.0,No,False,0,1
29-04-2026 08:27,104,Ballupur,37,37,0,Low,1.0,No,False,0,1
29-04-2026 08:27,105,Prince_Chowk,21,21,0,Low,1.0,No,False,3,1
29-04-2026 08:27,106,Balliwala,24,31,0,Low,0.9659,No,False,1,1
29-04-2026 08:28,101,ISBT,29,29,0,Low,1.0,No,False,0,1
29-04-2026 08:28,102,Clock_Tower,42,42,0,Low,1.0,No,False,0,1
29-04-2026 08:28,103,Dilaram_Chowk,33,33,0,Low,1.0,No,False,0,1
29-04-2026 08:28,104,Ballupur,37,37,0,Low,1.0,No,False,0,1
29-04-2026 08:28,105,Prince_Chowk,21,21,0,Low,1.0,No,False,3,1
29-04-2026 08:28,106,Balliwala,24,31,0,Low,0.963474,No,False,1,1
29-04-2026 08:29,101,ISBT,29,29,0,Low,1.0,No,False,0,1
29-04-2026 08:29,102,Clock_Tower,42,42,0,Low,1.0,No,False,0,1
29-04-2026 08:29,103,Dilaram_Chowk,33,33,0,Low,1.0,No,False,0,1
29-04-2026 08:29,104,Ballupur,37,37,0,Low,1.0,No,False,0,1
29-04-2026 08:29,105,Prince_Chowk,21,21,0,Low,1.0,No,False,3,1
29-04-2026 08:29,106,Balliwala,23,31,0,Low,0.961182,No,False,1,1
29-04-2026 08:31,101,ISBT,29,29,0,Low,1.0,No,False,0,1
29-04-2026 08:31,102,Clock_Tower,42,42,0,Low,1.0,No,False,0,1
29-04-2026 08:31,103,Dilaram_Chowk,33,33,0,Low,1.0,No,False,0,1
29-04-2026 08:31,104,Ballupur,37,37,0,Low,1.0,No,False,0,1
29-04-2026 08:31,105,Prince_Chowk,21,21,0,Low,1.0,No,False,3,1
29-04-2026 08:31,106,Balliwala,23,31,0,Low,0.961732,No,False,1,1
29-04-2026 08:32,101,ISBT,29,29,0,Low,1.0,No,False,0,1
29-04-2026 08:32,102,Clock_Tower,42,42,0,Low,1.0,No,False,0,1
29-04-2026 08:32,103,Dilaram_Chowk,33,33,0,Low,1.0,No,False,0,1
29-04-2026 08:32,104,Ballupur,37,37,0,Low,1.0,No,False,0,1
29-04-2026 08:32,105,Prince_Chowk,21,21,0,Low,1.0,No,False,3,1
29-04-2026 08:32,106,Balliwala,24,31,0,Low,0.961626,No,False,1,1
29-04-2026 08:33,101,ISBT,29,29,0,Low,1.0,No,False,0,1
29-04-2026 08:33,102,Clock_Tower,42,42,0,Low,1.0,No,False,0,1
29-04-2026 08:33,103,Dilaram_Chowk,33,33,0,Low,1.0,No,False,0,1
29-04-2026 08:33,104,Ballupur,37,37,0,Low,1.0,No,False,0,1
29-04-2026 08:33,105,Prince_Chowk,21,21,0,Low,1.0,No,False,3,1
29-04-2026 08:33,106,Balliwala,24,31,0,Low,0.960064,No,False,1,1
29-04-2026 08:34,101,ISBT,29,29,0,Low,1.0,No,False,0,1
29-04-2026 08:34,102,Clock_Tower,42,42,0,Low,1.0,No,False,0,1
29-04-2026 08:34,103,Dilaram_Chowk,33,33,0,Low,1.0,No,False,0,1
29-04-2026 08:34,104,Ballupur,37,37,0,Low,1.0,No,False,0,1
29-04-2026 08:34,105,Prince_Chowk,21,21,0,Low,1.0,No,False,3,1
29-04-2026 08:34,106,Balliwala,23,30,0,Low,0.958304,No,False,1,1
29-04-2026 08:35,101,ISBT,29,29,0,Low,1.0,No,False,0,1
29-04-2026 08:35,102,Clock_Tower,42,42,0,Low,1.0,No,False,0,1
29-04-2026 08:35,103,Dilaram_Chowk,33,33,0,Low,1.0,No,False,0,1
29-04-2026 08:35,104,Ballupur,37,37,0,Low,1.0,No,False,0,1
29-04-2026 08:35,105,Prince_Chowk,21,21,0,Low,1.0,No,False,3,1
29-04-2026 08:35,106,Balliwala,23,30,0,Low,0.957755,No,False,1,1
29-04-2026 08:36,101,ISBT,29,29,0,Low,1.0,No,False,0,1
29-04-2026 08:36,102,Clock_Tower,42,42,0,Low,1.0,No,False,0,1
29-04-2026 08:36,103,Dilaram_Chowk,33,33,0,Low,1.0,No,False,0,1
29-04-2026 08:36,104,Ballupur,37,37,0,Low,1.0,No,False,0,1
29-04-2026 08:36,105,Prince_Chowk,21,21,0,Low,1.0,No,False,3,1
29-04-2026 08:36,106,Balliwala,23,30,0,Low,0.957206,No,False,1,1
